http://static.sse.com.cn/stock/information/c/201906/633c48bc487f47ccb663cd6635bd5ea0.PDF,北京国枫律师事务所关于二十一世纪空间技术应用股份有限公司申请首次公开发行股票并在科创板上市的补充法律意见书之三,二十一世纪空间技术应用股份有限公司
http://www.neeq.com.cn/disclosure/2020/2020-06-19/1592576167_972174.pdf,连城数控:信永中和会计师事务所关于连城数控第一轮问询的回复,
http://reportdocs.static.szse.cn/UpFiles/rasinfodisc/RAS_0001737EF4B9413FDC2C7F77AFA9743F.PDF,关于对稳健医疗用品股份有限公司上市委审议意见的落实函的回复报告.PDF,稳健医疗用品股份有限公司
http://reportdocs.static.szse.cn/UpFiles/rasinfodisc/RAS_0001741E02B8E53FD46492F45FCDF63F.doc,申请人及保荐机构回复意见（修订稿）.doc,宁波锦浪新能源科技股份有限公司
http://reportdocs.static.szse.cn/UpFiles/rasinfodisc/RAS_000174158F4BD73FB8BBDBC36968B83F.doc,申请人及保荐机构回复意见（修订稿）.doc,宁波锦浪新能源科技股份有限公司
http://static.sse.com.cn/stock/information/c/202003/a7376d02d5724af4b2885c4775c46c3f.pdf,8-1-2 发行人及保荐机构关于第二轮审核问询函的回（2019年年报财务数据更新版）,上海复旦张江生物医药股份有限公司
http://static.sse.com.cn/stock/information/c/201912/d36c64c712184e0a923a6c731503a95a.pdf,8-2-1 会计师事务所关于杭州光云科技股份有限公司第一轮审核问询函的回复（审核中心意见落实函更新版）,杭州光云科技股份有限公司
http://static.sse.com.cn/stock/information/c/201908/17d6414e69034f8f89fc235d68b70ca8.pdf,8-1-1 发行人及保荐机构回复意见（2019年半年报财务数据更新版）,先临三维科技股份有限公司
http://www.neeq.com.cn/disclosure/2020/2020-08-24/1598255365_033436.pdf,德众股份:天职国际会计师事务所（特殊普通合伙）关于德众股份第二轮问询的回复,
http://www.neeq.com.cn/disclosure/2020/2020-09-15/1600182612_774597.pdf,诺思兰德:最近三年及一期的财务报告和审计报告（审议稿）,
http://www.neeq.com.cn/disclosure/2020/2020-09-23/1600850051_339216.pdf,同力股份:股票在精选层挂牌推荐书（申报稿）,
http://www.neeq.com.cn/disclosure/2020/2020-09-23/1600848135_189908.pdf,德众股份:法律意见书（报会稿）,
http://static.sse.com.cn/stock/information/c/202009/69b9c9fd880e467bac9f2e1bb9dd1465.pdf,8-2-1 会计师事务所关于金冠电气股份有限公司首次公开发行股票并在科创板上市申请文件的第一轮审核问询函有关财务问题回复的专项说明（2020年半年报财务数据更新版）,金冠电气股份有限公司
http://www.neeq.com.cn/disclosure/2020/2020-09-28/1601278703_979715.pdf,美之高:最近三年及一期的财务报告和审计报告（申报稿）,
