http://static.sse.com.cn/stock/information/c/202006/2306eef00ac14df99bb2205051c5e8cc.pdf,8-3 律师补充法律意见书,上海证券交易所-科创板股票审核
http://static.sse.com.cn/stock/information/c/202005/d7bc0bbaeb894ea3b240e3086e63ccef.pdf,8-3 律师补充法律意见书,上海证券交易所-科创板股票审核
http://static.sse.com.cn/stock/information/c/202004/1788424452354b7bb3724e67e2deb64f.pdf,8-2 会计师关于发行注册环节反馈意见落实函的回复,上海证券交易所-科创板股票审核
http://static.sse.com.cn/stock/information/c/202003/a6437961b17e4464b4c3bc8209e5fa2c.pdf,8-3-1 律师补充法律意见书（八）,上海证券交易所-科创板股票审核
http://static.sse.com.cn/stock/information/c/202003/9f4c3c262dc74394bcce85777a92e935.pdf,8-3 北京市金杜律师事务所关于成都秦川物联网科技股份有限公司首次公开发行股票并在科创板上市的有关问题的专项核查意见,上海证券交易所-科创板股票审核
http://static.sse.com.cn/stock/information/c/202001/cc16d8edcf1b4b22a940114e6c505f1b.pdf,8-2 会计师关于审核中心意见落实函的回复,上海证券交易所-科创板股票审核
http://static.sse.com.cn/stock/information/c/201910/3fc20f9af1e540d9b908ac2de8b79661.pdf,8-2 会计师关于科创板上市委会议意见落实函的回复,上海证券交易所-科创板股票审核
http://static.sse.com.cn/stock/information/c/201910/b14300dc6e1a4af2b429e61cd12ba4f7.pdf,8-2-4 会计师第三轮问询函回复意见（更新版）,上海证券交易所-科创板股票审核
http://static.sse.com.cn/stock/information/c/201907/5de1a8722f1041b0b13388a760f1d337.pdf,大华会计师事务所（特殊普通合伙）关于恒安嘉新审核中心意见落实函的回复,上海证券交易所-科创板股票审核
http://static.sse.com.cn/stock/information/c/201907/e8a481aa6ebc42579ede16c417eeae91.pdf,8-2 会计师回复意见（四）,上海证券交易所-科创板股票审核
http://static.sse.com.cn/stock/information/c/201907/7283a85118e14775816d642ca1c130f5.pdf,天健会计师关于容百科技发行注册环节反馈意见落实函的回复,上海证券交易所-科创板股票审核
http://static.sse.com.cn/stock/information/c/201906/f653c83852bf4a4997b24b0ebf78c2d3.pdf,8-2 会计师关于第三轮审核问询函的回复,上海证券交易所-科创板股票审核
http://static.sse.com.cn/stock/information/c/201906/60b0581da57c4bf49726026938542b50.pdf,立信会计师事务所（特殊普通合伙）关于审核中心意见落实函的答复,上海证券交易所-科创板股票审核
http://static.sse.com.cn/stock/information/c/201906/a15f658627804d4e8a65dfa34fa279bf.pdf,8-3 发行人律师补充法律意见书之二,上海证券交易所-科创板股票审核
http://static.sse.com.cn/stock/information/c/201905/0a4de2b2f3e841a5b51dd329d3498685.pdf,信永中和会计师事务所（特殊普通合伙）关于烟台睿创微纳技术股份有限公司首次公开发行股票并在科创板上市申请文件的第一轮审核问询函之专项核查意见的修改说明,上海证券交易所-科创板股票审核
http://static.sse.com.cn/stock/information/c/201906/6dfb09c7347b43739ec62ae8e6a3569b.pdf,8-3 北京国枫律师事务所关于江苏卓易信息科技股份有限公司申请首次公开发行股票并在科创板上市的补充法律意见书之二,上海证券交易所-科创板股票审核
http://static.sse.com.cn/stock/information/c/201906/85ecaed98a2f4adc8b1db3c61fabc9bf.pdf,北京国枫律师事务所关于西安铂力特增材技术股份有限公司首次公开发行股票并在科创板上市之补充法律意见书（三）,上海证券交易所-科创板股票审核
http://static.sse.com.cn/stock/information/c/201906/11548d1e39fd492590cf32024724a476.pdf,天健会计师事务所（特殊普通合伙）关于深圳光峰科技股份有限公司首次公开发行股票并在科创板上市申请文件的第二轮审核问询函中有关财务事项的修改说明,上海证券交易所-科创板股票审核
http://static.sse.com.cn/stock/information/c/201905/bf804b1b48db457d87402397a77c1d3d.pdf,北京国枫律师事务所关于西安铂力特增材技术股份有限公司首次公开发行股票并在科创板上市之补充法律意见书（二）,上海证券交易所-科创板股票审核
http://static.sse.com.cn/stock/information/c/201906/633c48bc487f47ccb663cd6635bd5ea0.PDF,北京国枫律师事务所关于二十一世纪空间技术应用股份有限公司申请首次公开发行股票并在科创板上市的补充法律意见书之三,上海证券交易所-科创板股票审核
http://www.neeq.com.cn/disclosure/2020/2020-08-05/1596621969_088926.pdf,德众股份:天职国际会计师事务所（特殊普通合伙）关于落实挂牌委员会审议会议意见的函的回复,全国中小企业股份转让系统-股票公开发行并在精选层挂牌
http://static.sse.com.cn/stock/information/c/201905/ca6a33f26a974693900a87168c1a7edc.pdf,北京国枫律师事务所关于二十一世纪空间技术应用股份有限公司申请首次公开发行股票并在科创板上市的补充法律意见书之一,上海证券交易所-科创板股票审核
http://static.sse.com.cn/stock/information/c/202008/321240dfc0b74fba8908479d0b09f170.pdf,8-3 律师补充法律意见书,上海证券交易所-科创板股票审核
http://static.sse.com.cn/stock/information/c/201905/eab284158605485da569c9df2b0edd7b.pdf,北京市中伦律师事务所关于安翰科技（武汉）股份有限公司首次公开发行股票并在科创板上市的补充法律意见书,上海证券交易所-科创板股票审核
http://static.sse.com.cn/stock/information/c/201905/e221eda802de44cc8e369574f47192cd.pdf,北京国枫律师事务所关于成都苑东生物制药股份有限公司申请首次公开发行股票并在科创板上市的补充法律意见书之一,上海证券交易所-科创板股票审核
http://static.sse.com.cn/stock/information/c/202007/b43e97a01bbe4e169f815dd85b059f9b.pdf,8-2 会计师关于审核问询函的回复,上海证券交易所-科创板股票审核
http://static.sse.com.cn/stock/information/c/202006/236fcaabec53494385ce655dc23fb842.pdf,8-3 律师补充法律意见书（二）,上海证券交易所-科创板股票审核
http://www.neeq.com.cn/disclosure/2020/2020-06-19/1592576167_972174.pdf,连城数控:信永中和会计师事务所关于连城数控第一轮问询的回复,全国中小企业股份转让系统-股票公开发行并在精选层挂牌
http://www.neeq.com.cn/disclosure/2020/2020-06-14/1592144484_880493.pdf,球冠电缆:立信会计师关于球冠电缆精选层挂牌审议会议意见回复的专项说明,全国中小企业股份转让系统-股票公开发行并在精选层挂牌
http://reportdocs.static.szse.cn/UpFiles/rasinfodisc/RAS_0001740F6D19783FCAFCABA4A880B83F.pdf,1 发行人关于上市委审议意见的落实函的回复.pdf,深圳证券交易所-创业板发行上市审核信息公开网站
http://reportdocs.static.szse.cn/UpFiles/rasinfodisc/RAS_0001740486E9AD3FE1C42D7594D4B33F.pdf,会计师关于反馈意见的回复.pdf,深圳证券交易所-创业板发行上市审核信息公开网站
http://static.sse.com.cn/stock/information/c/202007/3c219e102aa6420caf7e82a989963b6d.pdf,8-3 律师补充法律意见书（一）,上海证券交易所-科创板股票审核
http://static.sse.com.cn/stock/information/c/202006/3c08fa217abe46da828e8c2c7e4ffafb.pdf,8-3 律师事务所的补充法律意见书（一）,上海证券交易所-科创板股票审核
http://reportdocs.static.szse.cn/UpFiles/rasinfodisc/RAS_000173DB2DB6F33FED073CD3D77C283F.pdf,会计师关于审核问询函的回复.pdf,深圳证券交易所-创业板发行上市审核信息公开网站
http://reportdocs.static.szse.cn/UpFiles/rasinfodisc/RAS_000173C926CD953FDA8876F543D6123F.pdf,2 发行人会计师关于江西日月明测控科技股份有限公司申请首次公开发行股票并在创业板上市的审核中心意见落实函的回复说明.pdf,深圳证券交易所-创业板发行上市审核信息公开网站
http://reportdocs.static.szse.cn/UpFiles/rasinfodisc/RAS_000173943F32663FE0A6CB5F0D1E653F.pdf,关于杭州山科智能科技股份有限公司申请首次公开发行股票并在创业板上市的审核中心意见落实函回复的专项说明.pdf,深圳证券交易所-创业板发行上市审核信息公开网站
http://reportdocs.static.szse.cn/UpFiles/rasinfodisc/RAS_0001737EF4B9413FDC2C7F77AFA9743F.PDF,关于对稳健医疗用品股份有限公司上市委审议意见的落实函的回复报告.PDF,深圳证券交易所-创业板发行上市审核信息公开网站
http://reportdocs.static.szse.cn/UpFiles/rasinfodisc/RAS_000173CE3429653FD397AD89C180A03F.pdf,2 申报会计师关于对上海凯鑫分离技术股份有限公司创业板上市委审议意见的落实函的回复.pdf,深圳证券交易所-创业板发行上市审核信息公开网站
http://reportdocs.static.szse.cn/UpFiles/rasinfodisc/RAS_000173943F6D793FDEE33817D8A9D23F.pdf,上海市广发律师事务所关于杭州山科智能科技股份有限公司首次公开发行股票并在创业板上市之补充法律意见（四）.pdf,深圳证券交易所-创业板发行上市审核信息公开网站
http://reportdocs.static.szse.cn/UpFiles/rasinfodisc/RAS_000173C94CD8DE3FE65D4FBEC65EF23F.pdf,3、北京市金杜律师事务所关于深圳奥雅设计股份有限公司首次公开发行股票并在创业板上市的补充法律意见书（七）.pdf,深圳证券交易所-创业板发行上市审核信息公开网站
http://reportdocs.static.szse.cn/UpFiles/rasinfodisc/RAS_000173992EE0E03FDBC5FE419AC3623F.pdf,2 会计师事务所回复意见.pdf,深圳证券交易所-创业板发行上市审核信息公开网站
http://reportdocs.static.szse.cn/UpFiles/rasinfodisc/RAS_000173B823E5E83FECA08B1BDAFF773F.pdf,2 申报会计师关于审核中心意见落实函的回复.pdf,深圳证券交易所-创业板发行上市审核信息公开网站
http://static.sse.com.cn/stock/information/c/202005/1943446113144619bf19ce42e382e898.pdf,8-3 北京国枫律师事务所关于成都苑东生物制药股份有限公司首次公开发行股票并在科创板上市的补充法律意见书（一）,上海证券交易所-科创板股票审核
http://reportdocs.static.szse.cn/UpFiles/rasinfodisc/RAS_000173D1510B993FE3CA82D83677183F.pdf,2 会计师事务所关于审核中心意见落实函中有关财务事项的说明.pdf,深圳证券交易所-创业板发行上市审核信息公开网站
http://reportdocs.static.szse.cn/UpFiles/rasinfodisc/RAS_00017384BBB7023FDC655F80B339BE3F.pdf,2 会计师事务所回复意见.pdf,深圳证券交易所-创业板发行上市审核信息公开网站
http://reportdocs.static.szse.cn/UpFiles/rasinfodisc/RAS_00017355BE01FD3FB33ECCF42B64C83F.pdf,2 会计师关于审核中心意见落实函的回复.pdf,深圳证券交易所-创业板发行上市审核信息公开网站
http://reportdocs.static.szse.cn/UpFiles/rasinfodisc/RAS_0001737B3388103FDA189901B367143F.pdf,7-8-2 会计师报告关于落实函的回复报告.pdf,深圳证券交易所-创业板发行上市审核信息公开网站
http://reportdocs.static.szse.cn/UpFiles/rasinfodisc/RAS_0001737B33C07E3FA124BCB25668F03F.pdf,7-8-3 补充法律意见书（一）.pdf,深圳证券交易所-创业板发行上市审核信息公开网站
http://reportdocs.static.szse.cn/UpFiles/rasinfodisc/RAS_0001741F18E5E93FE3CC0E59BD87953F.pdf,关于对华自科技股份有限公司上市委审议意见的落实函.pdf,深圳证券交易所-创业板发行上市审核信息公开网站
http://reportdocs.static.szse.cn/UpFiles/rasinfodisc/RAS_0001741E02B8E53FD46492F45FCDF63F.doc,申请人及保荐机构回复意见（修订稿）.doc,深圳证券交易所-创业板发行上市审核信息公开网站
http://reportdocs.static.szse.cn/UpFiles/rasinfodisc/RAS_000173EC36F9E83FDBAA523281F6123F.pdf,5 北京中天华资产评估有限责任公司关于《深圳市容大感光科技股份有限公司关于深圳证券交易所审核问询函的回复》之专项核查意见（修订稿）.pdf,深圳证券交易所-创业板发行上市审核信息公开网站
http://reportdocs.static.szse.cn/UpFiles/rasinfodisc/RAS_000174116E00FF3FEF68466907737D3F.pdf,关于无锡先导智能装备股份有限公司申请向特定对象发行股票的审核中心意见落实函.pdf,深圳证券交易所-创业板发行上市审核信息公开网站
http://reportdocs.static.szse.cn/UpFiles/rasinfodisc/RAS_000174116747C03FE4DB173A3324313F.pdf,关于深圳市超频三科技股份有限公司申请向特定对象发行股票的审核中心意见落实函.pdf,深圳证券交易所-创业板发行上市审核信息公开网站
http://reportdocs.static.szse.cn/UpFiles/rasinfodisc/RAS_0001740C0051C93FC0F505A8DE8B803F.pdf,关于安徽开润股份有限公司申请向特定对象发行股票的审核中心意见落实函.pdf,深圳证券交易所-创业板发行上市审核信息公开网站
http://reportdocs.static.szse.cn/UpFiles/rasinfodisc/RAS_0001740AC32AF63FD5DDDEDF1039883F.pdf,关于拓尔思信息技术股份有限公司申请向不特定对象发行可转换公司债券的审核中心意见落实函.pdf,深圳证券交易所-创业板发行上市审核信息公开网站
http://reportdocs.static.szse.cn/UpFiles/rasinfodisc/RAS_0001740A009C033FD71A3C2DCADC443F.pdf,信永中和会计师事务所（特殊普通合伙）关于深圳市方直科技股份有限公司申请向特定对象发行股票审核问询函有关问题的回复专项核查意见.pdf,深圳证券交易所-创业板发行上市审核信息公开网站
http://reportdocs.static.szse.cn/UpFiles/rasinfodisc/RAS_000173F032D5553FE3096CC914E5C93F.pdf,2 立信会计师事务所关于审核中心意见落实函的回复.pdf,深圳证券交易所-创业板发行上市审核信息公开网站
http://reportdocs.static.szse.cn/UpFiles/rasinfodisc/RAS_0001740E97154B3FC8E4A384ACAD643F.pdf,关于对浙江运达风电股份有限公司上市委审议意见的落实函.pdf,深圳证券交易所-创业板发行上市审核信息公开网站
http://reportdocs.static.szse.cn/UpFiles/rasinfodisc/RAS_000173F67A3A4A3FDA398F458C1C663F.pdf,关于神思电子技术股份有限公司申请向特定对象发行股票的审核问询函.pdf,深圳证券交易所-创业板发行上市审核信息公开网站
http://reportdocs.static.szse.cn/UpFiles/rasinfodisc/RAS_000173FBA01AED3FD5409329E2567C3F.pdf,关于江苏精研科技股份有限公司申请向不特定对象发行可转换公司债券的审核中心意见落实函.pdf,深圳证券交易所-创业板发行上市审核信息公开网站
http://reportdocs.static.szse.cn/UpFiles/rasinfodisc/RAS_000173EBC78A8B3FA6CA29C129EFB03F.pdf,关于深圳市新国都股份有限公司申请向特定对象发行股票的审核问询函.pdf,深圳证券交易所-创业板发行上市审核信息公开网站
http://reportdocs.static.szse.cn/UpFiles/rasinfodisc/RAS_000173F6734DB43FB32BDAB46720903F.pdf,关于广州博济医药生物技术股份有限公司向特定对象发行股票申请的审核中心意见落实函.pdf,深圳证券交易所-创业板发行上市审核信息公开网站
http://reportdocs.static.szse.cn/UpFiles/rasinfodisc/RAS_000173F522DC683FEAE2D2B85A050B3F.pdf,关于湖北台基半导体股份有限公司向特定对象发行股票申请的审核中心意见落实函.pdf,深圳证券交易所-创业板发行上市审核信息公开网站
http://reportdocs.static.szse.cn/UpFiles/rasinfodisc/RAS_000173D71CCFCD3FEA8A0841676CF03F.pdf,关于深圳市安车检测股份有限公司申请向特定对象发行股票的审核问询函.pdf,深圳证券交易所-创业板发行上市审核信息公开网站
http://reportdocs.static.szse.cn/UpFiles/rasinfodisc/RAS_000173D5D61CBD3FE3179B1F31696C3F.pdf,关于深圳市长盈精密技术股份有限公司向特定对象发行股票申请的审核中心意见落实函.pdf,深圳证券交易所-创业板发行上市审核信息公开网站
http://reportdocs.static.szse.cn/UpFiles/rasinfodisc/RAS_000173BF4C6B0E3FC528344959C31C3F.pdf,2 申报会计师关于公司申请向不特定对象发行可转换公司债券的审核中心意见落实函的回复.pdf,深圳证券交易所-创业板发行上市审核信息公开网站
http://reportdocs.static.szse.cn/UpFiles/rasinfodisc/RAS_000173EA7D4D603FDB4520EB6D692C3F.pdf,关于万向新元科技股份有限公司向特定对象发行股票申请的审核中心意见落实函.pdf,深圳证券交易所-创业板发行上市审核信息公开网站
http://reportdocs.static.szse.cn/UpFiles/rasinfodisc/RAS_0001740037F86E3FE800B82E53642F3F.pdf,关于重庆梅安森科技股份有限公司申请向特定对象发行股票的审核问询函.pdf,深圳证券交易所-创业板发行上市审核信息公开网站
http://reportdocs.static.szse.cn/UpFiles/rasinfodisc/RAS_000173E7F824043FEB7CA5660937633F.pdf,关于广东乐心医疗电子股份有限公司申请向特定对象发行股票的审核问询函.pdf,深圳证券交易所-创业板发行上市审核信息公开网站
http://reportdocs.static.szse.cn/UpFiles/rasinfodisc/RAS_000173C778003B3F86A098F2A9B8803F.pdf,关于深圳市信维通信股份有限公司向特定对象发行股票申请的审核中心意见落实函.pdf,深圳证券交易所-创业板发行上市审核信息公开网站
http://reportdocs.static.szse.cn/UpFiles/rasinfodisc/RAS_000173E7EB37573FEAAA3D02BD13673F.pdf,关于阜新德尔汽车部件股份有限公司向特定对象发行股票申请的审核中心意见落实函.pdf,深圳证券交易所-创业板发行上市审核信息公开网站
http://reportdocs.static.szse.cn/UpFiles/rasinfodisc/RAS_000173DC03B4EC3FE955019581803B3F.pdf,2 会计师事务所回复意见.pdf,深圳证券交易所-创业板发行上市审核信息公开网站
http://reportdocs.static.szse.cn/UpFiles/rasinfodisc/RAS_000173C77A0BF73FC83CD124FE84743F.pdf,关于广东奥飞数据科技股份有限公司向特定对象发行股票申请的审核中心意见落实函.pdf,深圳证券交易所-创业板发行上市审核信息公开网站
http://reportdocs.static.szse.cn/UpFiles/rasinfodisc/RAS_000173C8EA915E3FDF2258D4AABF783F.pdf,关于山东国瓷功能材料股份有限公司申请向特定对象发行股票的审核问询函.pdf,深圳证券交易所-创业板发行上市审核信息公开网站
http://reportdocs.static.szse.cn/UpFiles/rasinfodisc/RAS_000173E7E762153FD1540D469955083F.pdf,关于江苏太平洋精锻科技股份有限公司向特定对象发行股票申请的审核中心意见落实函.pdf,深圳证券交易所-创业板发行上市审核信息公开网站
http://reportdocs.static.szse.cn/UpFiles/rasinfodisc/RAS_000173B31604CD3FEACEFE7508D8B63F.pdf,关于博创科技股份有限公司向特定对象发行股票申请的审核中心意见落实函.pdf,深圳证券交易所-创业板发行上市审核信息公开网站
http://reportdocs.static.szse.cn/UpFiles/rasinfodisc/RAS_000173C38F4C263FE7EF6A208B23D83F.pdf,关于烟台正海磁性材料股份有限公司向特定对象发行股票申请的审核中心意见落实函.pdf,深圳证券交易所-创业板发行上市审核信息公开网站
http://reportdocs.static.szse.cn/UpFiles/rasinfodisc/RAS_000173C7F7C30A3FE7207675A5CC923F.pdf,关于深圳市隆利科技股份有限公司申请向不特定对象发行可转换公司债券的审核中心意见落实函.pdf,深圳证券交易所-创业板发行上市审核信息公开网站
http://reportdocs.static.szse.cn/UpFiles/rasinfodisc/RAS_000173C33894BD3FDF0C32273FC6A23F.pdf,关于贵阳朗玛信息技术股份有限公司向特定对象发行股票申请的审核中心意见落实函.pdf,深圳证券交易所-创业板发行上市审核信息公开网站
http://reportdocs.static.szse.cn/UpFiles/rasinfodisc/RAS_000173C7F344763FDFAEC4B9C31F5E3F.pdf,关于无锡贝斯特精机股份有限公司申请向不特定对象发行可转换公司债券的审核中心意见落实函.pdf,深圳证券交易所-创业板发行上市审核信息公开网站
http://reportdocs.static.szse.cn/UpFiles/rasinfodisc/RAS_000173AE1524693FC64130A6CE586C3F.pdf,关于上海安诺其集团股份有限公司申请向特定对象发行股票的审核问询函.pdf,深圳证券交易所-创业板发行上市审核信息公开网站
http://reportdocs.static.szse.cn/UpFiles/rasinfodisc/RAS_000173C32262393FE15447504D59003F.pdf,关于潮州三环（集团）股份有限公司向特定对象发行股票申请的审核中心意见落实函.pdf,深圳证券交易所-创业板发行上市审核信息公开网站
http://reportdocs.static.szse.cn/UpFiles/rasinfodisc/RAS_000173C7CD69D73FC301EC3C651E203F.pdf,关于哈尔滨九洲电气股份有限公司申请向不特定对象发行可转换公司债券的审核问询函.pdf,深圳证券交易所-创业板发行上市审核信息公开网站
http://reportdocs.static.szse.cn/UpFiles/rasinfodisc/RAS_000173A5013D363FE4083E85A2FDCF3F.pdf,关于哈尔滨中飞新技术股份有限公司申请向特定对象发行股票的审核问询函.pdf,深圳证券交易所-创业板发行上市审核信息公开网站
http://reportdocs.static.szse.cn/UpFiles/rasinfodisc/RAS_000173C2DFD1A53FDA81BB5F6E86FC3F.pdf,关于宁波润禾高新材料科技股份有限公司向特定对象发行股票申请的审核中心意见落实函.pdf,深圳证券交易所-创业板发行上市审核信息公开网站
http://reportdocs.static.szse.cn/UpFiles/rasinfodisc/RAS_000173BD4E6AFA3FD7C7DD3E2DE3283F.pdf,关于对上海飞凯光电材料股份有限公司上市委审议意见的落实函.pdf,深圳证券交易所-创业板发行上市审核信息公开网站
http://reportdocs.static.szse.cn/UpFiles/rasinfodisc/RAS_000173B86EE56C3FCD30DFA6D883943F.pdf,关于三诺生物传感股份有限公司申请向不特定对象发行可转换公司债券的审核中心意见落实函.pdf,深圳证券交易所-创业板发行上市审核信息公开网站
http://reportdocs.static.szse.cn/UpFiles/rasinfodisc/RAS_000173D87152E13FD9A62786D53D423F.pdf,关于中密控股股份有限公司申请向特定对象发行股票的审核问询函.pdf,深圳证券交易所-创业板发行上市审核信息公开网站
http://static.sse.com.cn/stock/information/c/201909/5adbcca8477a4329a3b49545422e5e3f.pdf,立信会计师事务所（特殊普通合伙）关于博拉网络股份有限公司首次公开发行股票并在科创板上市申请文件的第二轮审核问询函的回复,上海证券交易所-科创板股票审核
http://static.sse.com.cn/stock/information/c/201909/bcbbbc346d444ec29cd498ba6ad01f80.pdf,8-3 北京国枫律师事务所关于江苏卓易信息科技股份有限公司申请首次公开发行股票并在科创板上市的补充法律意见书之五,上海证券交易所-科创板股票审核
http://static.sse.com.cn/stock/information/c/201909/d5095fe2856b4710a1ba27c8f6dd4879.pdf,8-3 律师补充法律意见书（2019年半年报财务数据更新版及一至三轮回复更新）,上海证券交易所-科创板股票审核
http://reportdocs.static.szse.cn/UpFiles/rasinfodisc/RAS_000173B70175E33FEB9E2A81662FBC3F.pdf,关于无锡隆盛科技股份有限公司向特定对象发行股票申请的审核中心意见落实函.pdf,深圳证券交易所-创业板发行上市审核信息公开网站
http://reportdocs.static.szse.cn/UpFiles/rasinfodisc/RAS_000173D5CEC2D33FC0D895C734A1D03F.pdf,关于浙江天宇药业股份有限公司申请向特定对象发行股票的审核问询函.pdf,深圳证券交易所-创业板发行上市审核信息公开网站
http://reportdocs.static.szse.cn/UpFiles/rasinfodisc/RAS_0001738F26B0EB3FEE7E0755F14C253F.pdf,关于北京易华录信息技术股份有限公司申请向特定对象发行股票的审核问询函.pdf,深圳证券交易所-创业板发行上市审核信息公开网站
http://reportdocs.static.szse.cn/UpFiles/rasinfodisc/RAS_0001738A023E883FE8A2768CCA9E6A3F.pdf,关于浙江运达风电股份有限公司申请向不特定对象发行可转换公司债券的审核中心意见落实函.pdf,深圳证券交易所-创业板发行上市审核信息公开网站
http://reportdocs.static.szse.cn/UpFiles/rasinfodisc/RAS_0001738F249D183FEC0FC57A8F43BC3F.pdf,关于聚灿光电科技股份有限公司申请向特定对象发行股票的审核问询函.pdf,深圳证券交易所-创业板发行上市审核信息公开网站
http://reportdocs.static.szse.cn/UpFiles/rasinfodisc/RAS_000173903CF6503FEEC956F6D847983F.pdf,关于对广州万孚生物技术股份有限公司上市委审议意见的落实函.pdf,深圳证券交易所-创业板发行上市审核信息公开网站
http://reportdocs.static.szse.cn/UpFiles/rasinfodisc/RAS_0001739F3027E23FD0EC9C07B057043F.pdf,关于广东溢多利生物科技股份有限公司申请向特定对象发行股票的审核问询函.pdf,深圳证券交易所-创业板发行上市审核信息公开网站
http://reportdocs.static.szse.cn/UpFiles/rasinfodisc/RAS_0001738F1B14793FDE54E6F92B6F763F.pdf,关于广东安居宝数码科技股份有限公司申请向特定对象发行股票的审核问询函.pdf,深圳证券交易所-创业板发行上市审核信息公开网站
http://reportdocs.static.szse.cn/UpFiles/rasinfodisc/RAS_000173903CF6503FBC57DA2C977B403F.pdf,关于对苏州斯莱克精密设备股份有限公司上市委审议意见的落实函.pdf,深圳证券交易所-创业板发行上市审核信息公开网站
http://reportdocs.static.szse.cn/UpFiles/rasinfodisc/RAS_0001738F1462A43FE5654F993EFFE83F.pdf,关于高伟达软件股份有限公司申请向特定对象发行股票的审核问询函.pdf,深圳证券交易所-创业板发行上市审核信息公开网站
http://reportdocs.static.szse.cn/UpFiles/rasinfodisc/RAS_0001738F6B8D553FD9BAF3A5A30F163F.pdf,关于广州中海达卫星导航技术股份有限公司申请向特定对象发行股票的审核问询函.pdf,深圳证券交易所-创业板发行上市审核信息公开网站
http://reportdocs.static.szse.cn/UpFiles/rasinfodisc/RAS_0001739DAC2CA73FC15B3146A81AC03F.pdf,关于金通灵科技集团股份有限公司申请向特定对象发行股票的审核问询函.pdf,深圳证券交易所-创业板发行上市审核信息公开网站
http://reportdocs.static.szse.cn/UpFiles/rasinfodisc/RAS_0001735CD5CD2A3FC2F2C82F5A4AF83F.pdf,关于深圳市赢时胜信息技术股份有限公司申请向特定对象发行股票的审核问询函.pdf,深圳证券交易所-创业板发行上市审核信息公开网站
http://reportdocs.static.szse.cn/UpFiles/rasinfodisc/RAS_0001738E10F7503FE26F62A4781BAB3F.pdf,关于福建阿石创新材料股份有限公司申请向特定对象发行股票的审核问询函.pdf,深圳证券交易所-创业板发行上市审核信息公开网站
http://reportdocs.static.szse.cn/UpFiles/rasinfodisc/RAS_0001738051455D3FC44FE23E9359F03F.pdf,关于贝达药业股份有限公司申请向特定对象发行股票的审核中心意见落实函.pdf,深圳证券交易所-创业板发行上市审核信息公开网站
http://reportdocs.static.szse.cn/UpFiles/rasinfodisc/RAS_0001738F46BDE73FC4D66556E540EC3F.pdf,关于胜宏科技（惠州）股份有限公司申请向特定对象发行股票的审核问询函.pdf,深圳证券交易所-创业板发行上市审核信息公开网站
http://reportdocs.static.szse.cn/UpFiles/rasinfodisc/RAS_0001738F40E5003FEAFD7BE44279513F.pdf,关于武汉华中数控股份有限公司申请向特定对象发行股票的审核问询函.pdf,深圳证券交易所-创业板发行上市审核信息公开网站
http://reportdocs.static.szse.cn/UpFiles/rasinfodisc/RAS_000173A52995B53FD8C3412850067A3F.pdf,关于上海飞凯光电材料股份有限公司向不特定对象发行可转换公司债券的上市委会议意见落实函的回复.pdf,深圳证券交易所-创业板发行上市审核信息公开网站
http://reportdocs.static.szse.cn/UpFiles/rasinfodisc/RAS_00017351CF40473FE61680C1DF52023F.pdf,关于飞天诚信科技股份有限公司向特定对象发行股票申请的审核问询函.pdf,深圳证券交易所-创业板发行上市审核信息公开网站
http://reportdocs.static.szse.cn/UpFiles/rasinfodisc/RAS_0001738051455D3FD9B35A888ABC503F.pdf,关于浙江开山压缩机股份有限公司申请向特定对象发行股票的审核中心意见落实函.pdf,深圳证券交易所-创业板发行上市审核信息公开网站
http://reportdocs.static.szse.cn/UpFiles/rasinfodisc/RAS_0001738F29C98C3FA94FCC207E13B03F.pdf,关于深圳市方直科技股份有限公司申请向特定对象发行股票的审核问询函.pdf,深圳证券交易所-创业板发行上市审核信息公开网站
http://reportdocs.static.szse.cn/UpFiles/rasinfodisc/RAS_000173609C69823FB1681AA38EA4A83F.pdf,关于厦门弘信电子科技集团股份有限公司申请向不特定对象发行可转换公司债券的审核中心意见落实函.pdf,深圳证券交易所-创业板发行上市审核信息公开网站
http://reportdocs.static.szse.cn/UpFiles/rasinfodisc/RAS_0001735C74CD173FE68DF3A7C5E7923F.pdf,关于福建星云电子股份有限公司申请向特定对象发行股票的审核问询函.pdf,深圳证券交易所-创业板发行上市审核信息公开网站
http://reportdocs.static.szse.cn/UpFiles/rasinfodisc/RAS_00017351BE7B653FEFE5F589BEBF893F.pdf,关于深圳市银之杰科技股份有限公司向特定对象发行股票申请的审核问询函.pdf,深圳证券交易所-创业板发行上市审核信息公开网站
http://reportdocs.static.szse.cn/UpFiles/rasinfodisc/RAS_0001738051455D3FEE35DFBAABC8C73F.pdf,关于惠州亿纬锂能股份有限公司申请向特定对象发行股票的审核中心意见落实函.pdf,深圳证券交易所-创业板发行上市审核信息公开网站
http://reportdocs.static.szse.cn/UpFiles/rasinfodisc/RAS_000173384E8B213FEF9C66FF53AB8B3F.pdf,关于珠海光库科技股份有限公司申请向特定对象发行股票的审核问询函.pdf,深圳证券交易所-创业板发行上市审核信息公开网站
http://reportdocs.static.szse.cn/UpFiles/rasinfodisc/RAS_000173609C69823FDF3EE27E29B5D43F.pdf,关于广州万孚生物技术股份有限公司申请向不特定对象发行可转换公司债券的审核中心意见落实函.pdf,深圳证券交易所-创业板发行上市审核信息公开网站
http://static.sse.com.cn/stock/information/c/201908/2d862ad71c584e5383fcbe42fa27f171.pdf,北京国枫律师事务所关于视联动力信息技术股份有限公司申请首次公开发行股票并在科创板上市的补充法律意见书之四,上海证券交易所-科创板股票审核
http://reportdocs.static.szse.cn/UpFiles/rasinfodisc/RAS_0001738A03FA753FD0281928E348503F.pdf,关于昆明川金诺化工股份有限公司申请向不特定对象发行可转换公司债券的审核中心意见落实函.pdf,深圳证券交易所-创业板发行上市审核信息公开网站
http://reportdocs.static.szse.cn/UpFiles/rasinfodisc/RAS_0001738051455D3FE413AB7F686B273F.pdf,关于广东道氏技术股份有限公司申请向特定对象发行股票的审核中心意见落实函.pdf,深圳证券交易所-创业板发行上市审核信息公开网站
http://reportdocs.static.szse.cn/UpFiles/rasinfodisc/RAS_000173384BEF553FED8AE5E214DAA33F.pdf,关于北京光环新网科技股份有限公司申请向特定对象发行股票的审核问询函.pdf,深圳证券交易所-创业板发行上市审核信息公开网站
http://reportdocs.static.szse.cn/UpFiles/rasinfodisc/RAS_000173609C69823FEAB99BC04C34743F.pdf,关于广州赛意信息科技股份有限公司申请向不特定对象发行可转换公司债券的审核中心意见落实函.pdf,深圳证券交易所-创业板发行上市审核信息公开网站
http://reportdocs.static.szse.cn/UpFiles/rasinfodisc/RAS_0001733823184A3FC257E9533C702C3F.pdf,关于成都新易盛通信技术股份有限公司申请向特定对象发行股票的审核问询函.pdf,深圳证券交易所-创业板发行上市审核信息公开网站
http://reportdocs.static.szse.cn/UpFiles/rasinfodisc/RAS_000173609C69823FD8837EAAC59D003F.pdf,关于广东宝莱特医用科技股份有限公司申请向不特定对象发行可转换公司债券的审核中心意见落实函.pdf,深圳证券交易所-创业板发行上市审核信息公开网站
http://reportdocs.static.szse.cn/UpFiles/rasinfodisc/RAS_000173609C69823FED302F0CBA24533F.pdf,关于乐歌人体工学科技股份有限公司申请向不特定对象发行可转换公司债券的审核中心意见落实函.pdf,深圳证券交易所-创业板发行上市审核信息公开网站
http://reportdocs.static.szse.cn/UpFiles/rasinfodisc/RAS_00017338185D2D3FD885462E66AC463F.pdf,关于蓝思科技股份有限公司申请向特定对象发行股票的审核问询函.pdf,深圳证券交易所-创业板发行上市审核信息公开网站
http://reportdocs.static.szse.cn/UpFiles/rasinfodisc/RAS_0001736B8815623FE2C93DB71CF99E3F.pdf,关于上海沃施园艺股份有限公司申请向特定对象发行股票的审核中心意见落实函.pdf,深圳证券交易所-创业板发行上市审核信息公开网站
http://reportdocs.static.szse.cn/UpFiles/rasinfodisc/RAS_000173609C69823FEFA3F928F6696A3F.pdf,关于青岛天能重工股份有限公司申请向不特定对象发行可转换公司债券的审核中心意见落实函.pdf,深圳证券交易所-创业板发行上市审核信息公开网站
http://reportdocs.static.szse.cn/UpFiles/rasinfodisc/RAS_0001736B82EFF73FDA48876B74CF263F.pdf,关于常州强力电子新材料股份有限公司申请向不特定对象发行可转换公司债券的审核问询函.pdf,深圳证券交易所-创业板发行上市审核信息公开网站
http://reportdocs.static.szse.cn/UpFiles/rasinfodisc/RAS_00017338613F653FECEF53133049D33F.pdf,关于苏州天孚光通信股份有限公司申请向特定对象发行股票的审核问询函.pdf,深圳证券交易所-创业板发行上市审核信息公开网站
http://reportdocs.static.szse.cn/UpFiles/rasinfodisc/RAS_0001736B8815623FE99C689CE441223F.pdf,关于广东凯普生物科技股份有限公司申请向特定对象发行股票的审核中心意见落实函.pdf,深圳证券交易所-创业板发行上市审核信息公开网站
http://reportdocs.static.szse.cn/UpFiles/rasinfodisc/RAS_00017351ABF0373FE8FF733DECA0A33F.pdf,关于江苏怡达化学股份有限公司向特定对象发行股票申请的审核问询函.pdf,深圳证券交易所-创业板发行上市审核信息公开网站
http://reportdocs.static.szse.cn/UpFiles/rasinfodisc/RAS_0001736B8815623FD5C9F35EFEA10E3F.pdf,关于江西同和药业股份有限公司申请向不特定对象发行可转换公司债券的审核中心意见落实函.pdf,深圳证券交易所-创业板发行上市审核信息公开网站
http://reportdocs.static.szse.cn/UpFiles/rasinfodisc/RAS_000173385F0D903FD629CA39A9B9DC3F.pdf,关于江苏太平洋精锻科技股份有限公司申请向特定对象发行股票的审核问询函.pdf,深圳证券交易所-创业板发行上市审核信息公开网站
http://reportdocs.static.szse.cn/UpFiles/rasinfodisc/RAS_000173381229153FE2E56AA76F38EB3F.pdf,关于迪瑞医疗科技股份有限公司申请向不特定对象发行可转换公司债券的审核问询函.pdf,深圳证券交易所-创业板发行上市审核信息公开网站
http://reportdocs.static.szse.cn/UpFiles/rasinfodisc/RAS_000173609C69823FB21AE99407E7883F.pdf,关于苏州斯莱克精密设备股份有限公司申请向不特定对象发行可转换公司债券的审核中心意见落实函.pdf,深圳证券交易所-创业板发行上市审核信息公开网站
http://reportdocs.static.szse.cn/UpFiles/rasinfodisc/RAS_0001736B8815623FDC1928162677123F.pdf,关于创业板上市委审议意见的落实函.pdf,深圳证券交易所-创业板发行上市审核信息公开网站
http://reportdocs.static.szse.cn/UpFiles/rasinfodisc/RAS_0001736C3E03F23FB02866DC396F903F.pdf,关于上海汉得信息技术股份有限公司申请向不特定对象发行可转换公司债券的审核问询函.pdf,深圳证券交易所-创业板发行上市审核信息公开网站
http://reportdocs.static.szse.cn/UpFiles/rasinfodisc/RAS_0001736B8815623FC59C36D565AAC03F.pdf,关于上海飞凯光电材料股份有限公司申请向不特定对象发行可转换公司债券的审核中心意见落实函.pdf,深圳证券交易所-创业板发行上市审核信息公开网站
http://reportdocs.static.szse.cn/UpFiles/rasinfodisc/RAS_00017337FC19C03FDB8EADDA0EF1A03F.pdf,关于上海古鳌电子科技股份有限公司申请向特定对象发行股票的审核问询函.pdf,深圳证券交易所-创业板发行上市审核信息公开网站
http://reportdocs.static.szse.cn/UpFiles/rasinfodisc/RAS_0001736B8815623FEE01D7CE51CE453F.pdf,关于海波重型工程科技股份有限公司申请向不特定对象发行可转换公司债券的审核中心意见落实函.pdf,深圳证券交易所-创业板发行上市审核信息公开网站
http://reportdocs.static.szse.cn/UpFiles/rasinfodisc/RAS_0001736B8815623FD3569219EA19123F.pdf,关于广州鹏辉能源科技股份有限公司申请向不特定对象发行可转换公司债券的审核中心意见落实函.pdf,深圳证券交易所-创业板发行上市审核信息公开网站
http://static.sse.com.cn/stock/information/c/202008/2caaf1cc8d824e4db77e77019d288dbe.pdf,8-3-3 律师补充法律意见书（三）,上海证券交易所-科创板股票审核
http://static.sse.com.cn/stock/information/c/202008/cbbbd5e4d1be4a07b875e7a02a9698df.pdf,8-3-2 律师补充法律意见书（二）,上海证券交易所-科创板股票审核
http://static.sse.com.cn/stock/information/c/202005/3bbbccfe433f4855930958ea9cef4397.pdf,6-4 华兴源创发行股份购买资产项目补充法律意见书,上海证券交易所-科创板股票审核
http://static.sse.com.cn/stock/information/c/202008/014b05138bee479197bdc8266632be5f.pdf,8-3 律师补充法律意见书,上海证券交易所-科创板股票审核
http://static.sse.com.cn/stock/information/c/202008/8e94637ab1ee42e19a4bce825daf27bb.pdf,8-3-4 北京国枫律师事务所关于精英数智科技股份有限公司首次公开发行股票并在科创板上市的补充法律意见书（四）,上海证券交易所-科创板股票审核
http://static.sse.com.cn/stock/information/c/202008/76743857c3ce45749a2d4c7b97cab42e.pdf,8-3  律师补充法律意见书（一）,上海证券交易所-科创板股票审核
http://static.sse.com.cn/stock/information/c/202008/24973411b94a4e2aa98449372de922bc.pdf,8-3 补充法律意见书（二）,上海证券交易所-科创板股票审核
http://static.sse.com.cn/stock/information/c/201907/78f1909f624d49829cd2f57e612357a7.pdf,8-3 律师补充法律意见书（二）,上海证券交易所-科创板股票审核
http://static.sse.com.cn/stock/information/c/201906/2eb8fd129b93436d878087ba0812afef.pdf,8-3 律师补充法律意见书之三,上海证券交易所-科创板股票审核
http://static.sse.com.cn/stock/information/c/201906/95cdbcfc090540c0b2500dbf0f475a58.pdf,北京国枫律师事务所关于二十一世纪空间技术应用股份有限公司申请首次公开发行股票并在科创板上市的补充法律意见书之四,上海证券交易所-科创板股票审核
http://static.sse.com.cn/stock/information/c/202008/2df037b89ba04645ae755909649d4d2c.pdf,8-2 立信会计师事务所（特殊普通合伙）对深圳惠泰医疗器械股份有限公司第二轮审核问询函所做回复的专项意见,上海证券交易所-科创板股票审核
http://static.sse.com.cn/stock/information/c/202007/c4d18ddf732f45f88d130c746941728e.pdf,8-2 会计师回复意见,上海证券交易所-科创板股票审核
http://static.sse.com.cn/stock/information/c/202007/fcbf28a04468424fad6c0a17aa2da70a.pdf,8-3 律师补充法律意见书（一）,上海证券交易所-科创板股票审核
http://static.sse.com.cn/stock/information/c/202006/431d308b83ce4a2a964f3f7df739dd7a.pdf,8-3 律师补充法律意见书（二）,上海证券交易所-科创板股票审核
http://static.sse.com.cn/stock/information/c/202006/d0c561bb92024de5b746119ff5b85af5.pdf,8-4-3 会计师关于首轮问询回复之经销商销售数据的更正说明,上海证券交易所-科创板股票审核
http://static.sse.com.cn/stock/information/c/202006/81b7598e3f734d939b315f530056e9b8.pdf,8-4-2 发行人及保荐机构关于首轮问询回复之经销商销售数据的更正说明,上海证券交易所-科创板股票审核
http://static.sse.com.cn/stock/information/c/201906/feb63f4fa7c04e28acec039bb57ded9d.pdf,8-4-2-2 申报会计师关于第二轮问询回复的修改说明,上海证券交易所-科创板股票审核
http://static.sse.com.cn/stock/information/c/201906/6434d35bc7d94eb29a991ca6bc798d4c.pdf,北京国枫律师事务所关于二十一世纪空间技术应用股份有限公司申请首次公开发行股票并在科创板上市的补充法律意见书之五,上海证券交易所-科创板股票审核
http://static.sse.com.cn/stock/information/c/201905/034814ce012e46c3ad76a8d4d9e11fbd.pdf,8-3 律师补充法律意见书,上海证券交易所-科创板股票审核
http://static.sse.com.cn/stock/information/c/201905/7c887a3610ea46cea053f269c704d174.pdf,8-3 北京国枫律师事务所关于成都苑东生物制药股份有限公司申请首次公开发行股票并在科创板上市的补充法律意见书之二,上海证券交易所-科创板股票审核
http://static.sse.com.cn/stock/information/c/202008/1b4cf6f4892a4b789706eadd198cfba1.pdf,8-2 会计师关于发行注册环节反馈意见落实函的回复意见,上海证券交易所-科创板股票审核
http://static.sse.com.cn/stock/information/c/202007/a8a6ed41e802410eb23acddbc589a97e.pdf,8-3 律师补充法律意见书（一）,上海证券交易所-科创板股票审核
http://static.sse.com.cn/stock/information/c/201910/84f99e7c078d43b79de3b6df8f76e95a.pdf,8-2 立信会计师事务所（特殊普通合伙）关于杭州安恒信息技术股份有限公司首次公开发行股票并在科创板上市发行注册环节反馈意见落实函的回复,上海证券交易所-科创板股票审核
http://static.sse.com.cn/stock/information/c/201910/e7686620429d4f1282352c7cebd84e5e.pdf,会计师关于四轮问询函的回复报告,上海证券交易所-科创板股票审核
http://static.sse.com.cn/stock/information/c/201909/e3a7374287004376b3ba424301b4fd86.pdf,8-3 律师补充法律意见书（五）,上海证券交易所-科创板股票审核
http://static.sse.com.cn/stock/information/c/201909/5772e8ff3258428487eb5446b7a05248.pdf,广东信达律师事务所关于广东华特气体股份有限公司首次公开发行股票并在科创板上市的补充法律意见书（五）,上海证券交易所-科创板股票审核
http://static.sse.com.cn/stock/information/c/201905/56fa9073df7f47778c0cba8f1322dfe8.pdf,北京国枫律师事务所关于广东利元亨智能装备股份有限公司首次公开发行股票并在科创板上市的补充法律意见书（一）,上海证券交易所-科创板股票审核
http://static.sse.com.cn/stock/information/c/202007/4d080fe826854350b2509eebfdd994a6.pdf,8-3 律师补充法律意见书（一）,上海证券交易所-科创板股票审核
http://static.sse.com.cn/stock/information/c/202007/75ea6a5e59bb406493af14c84f3583b0.pdf,8-2-3 会计师事务所关于审核中心意见落实函的回复,上海证券交易所-科创板股票审核
http://static.sse.com.cn/stock/information/c/202007/5d400dee21d348098fc5c4696dc41015.pdf,8-3 律师补充法律意见书,上海证券交易所-科创板股票审核
http://static.sse.com.cn/stock/information/c/202007/0d4e8dac490f457db4505e70344b838b.pdf,8-2-2 会计师事务所关于广东利扬芯片测试股份有限公司首次公开发行股票并在科创板上市申请文件的第二轮审核问询函有关财务问题回复的专项说明,上海证券交易所-科创板股票审核
http://static.sse.com.cn/stock/information/c/202007/69688ab7cdbd414a85ba2824075447c4.pdf,8-3 补充法律意见书（四）,上海证券交易所-科创板股票审核
http://static.sse.com.cn/stock/information/c/202005/b48493a5daec446ebe9ff09abcae9058.pdf,8-1 发行人及保荐机构关于上市委会议意见落实函的回复,上海证券交易所-科创板股票审核
http://static.sse.com.cn/stock/information/c/202005/1de09e6985374a9e9864b245b12c232e.pdf,8-3 补充法律意见书（二）,上海证券交易所-科创板股票审核
http://static.sse.com.cn/stock/information/c/202004/214c59d85f58477c829546d877eb8713.pdf,8-4 深圳市创鑫激光股份有限公司关于关联方披露问题的公开说明,上海证券交易所-科创板股票审核
http://static.sse.com.cn/stock/information/c/202004/7b9ccc7ade7d4085a1d3996ee698d1f8.pdf,8-3-1 北京国枫律师事务所关于精英数智科技股份有限公司首次公开发行股票并在科创板上市的补充法律意见书（一）（2019年年报财务数据更新版）,上海证券交易所-科创板股票审核
http://static.sse.com.cn/stock/information/c/202001/e74fd3f5d59b43ceba8a7c5d91f29348.pdf,8-2 申报会计师关于发行注册环节反馈意见落实函的回复（修订稿）,上海证券交易所-科创板股票审核
http://static.sse.com.cn/stock/information/c/201907/17c53bf84fad44129777d60868c17b66.pdf,8-3 律师补充法律意见书（二）,上海证券交易所-科创板股票审核
http://static.sse.com.cn/stock/information/c/201907/31ff647a9a36481c9a648b0fc9caa0aa.pdf,立信会计师事务所（特殊普通合伙）关于赛诺医疗科学技术股份有限公司首次公开发行股票并在科创板上市第二轮审核问询函之回复报告的修改说明,上海证券交易所-科创板股票审核
http://static.sse.com.cn/stock/information/c/201907/2a30add0a85045bc9c481d14196ae792.pdf,立信会计师事务所（特殊普通合伙）关于赛诺医疗科学技术股份有限公司首次公开发行股票并在科创板上市第三轮审核问询函之回复报告的修改说明,上海证券交易所-科创板股票审核
http://static.sse.com.cn/stock/information/c/201907/56421e4d7afb487493f7028a6ecfc837.pdf,立信会计师事务所（特殊普通合伙）关于赛诺医疗科学技术股份有限公司首次公开发行股票并在科创板上市第四轮审核问询函之回复报告的修改说明,上海证券交易所-科创板股票审核
http://static.sse.com.cn/stock/information/c/201907/acc0053371df4236a7405bf7f9fff097.pdf,8-2 会计师回复意见（第二轮）,上海证券交易所-科创板股票审核
http://static.sse.com.cn/stock/information/c/201907/a653a370aae0465d8c475ecdb2cfed9a.pdf,8-3 北京国枫律师事务所关于江苏卓易信息科技股份有限公司申请首次公开发行股票并在科创板上市的补充法律意见书之三,上海证券交易所-科创板股票审核
http://static.sse.com.cn/stock/information/c/201907/9a540e8cfaef4aa699de1ce600409024.pdf,立信会计师事务所（特殊普通合伙）关于交控科技股份有限公司发行注册环节反馈意见落实函的回复,上海证券交易所-科创板股票审核
http://static.sse.com.cn/stock/information/c/201906/7d82d38809034d14abd251a9ee8629a4.pdf,天健会计师事务所（特殊普通合伙）关于发行注册环节反馈意见落实函的回复,上海证券交易所-科创板股票审核
http://static.sse.com.cn/stock/information/c/201907/aab3c986757e4a2d92071062e4f9c8b0.pdf,8-2 会计师关于审核中心意见落实函回复,上海证券交易所-科创板股票审核
http://static.sse.com.cn/stock/information/c/201906/afab5fbafaf34b35b6198cc3c6ee62e5.pdf,大华会计师事务所（特殊普通合伙）关于恒安嘉新第四轮审核问询函的回复,上海证券交易所-科创板股票审核
http://static.sse.com.cn/stock/information/c/201906/19559a1c95d0405e9c7e75b328673aa8.pdf,北京国枫律师事务所关于二十一世纪空间技术应用股份有限公司申请首次公开发行股票并在科创板上市的补充法律意见书之六,上海证券交易所-科创板股票审核
http://static.sse.com.cn/stock/information/c/202007/4d94ebf8a51c4b41bcc5ab52c53fe7d9.pdf,8-3 律师事务所的补充法律意见书（二）,上海证券交易所-科创板股票审核
http://static.sse.com.cn/stock/information/c/202003/1648f094f74f4419844e4fa1b4a6287b.pdf,8-3 广东信达律师事务所关于深圳市燕麦科技股份有限公司首次公开发行股票并在科创板上市的补充法律意见书（三）,上海证券交易所-科创板股票审核
http://static.sse.com.cn/stock/information/c/202003/a7376d02d5724af4b2885c4775c46c3f.pdf,8-1-2 发行人及保荐机构关于第二轮审核问询函的回（2019年年报财务数据更新版）,上海证券交易所-科创板股票审核
http://static.sse.com.cn/stock/information/c/202003/0b7e9760c5824a8e99f4d8b418406b2a.pdf,会计师关于发行注册环节反馈意见落实函的回复（2019年年报更新版）,上海证券交易所-科创板股票审核
http://static.sse.com.cn/stock/information/c/201907/6ed2771953ee45618bb2389830ab09c3.pdf,8-3 律师补充法律意见书之一,上海证券交易所-科创板股票审核
http://static.sse.com.cn/stock/information/c/201908/0de178671e954df2acfed8d9770bed6f.pdf,8-3 北京德恒律师事务所关于龙岩卓越新能源股份有限公司首次公开发行股票并在科创板上市的补充法律意见书（二）（2019年一季报财务数据更新版）,上海证券交易所-科创板股票审核
http://static.sse.com.cn/stock/information/c/202007/df8930ec271642a782aaecbc84f96194.pdf,8-3 北京国枫律师事务所关于成都苑东生物制药股份有限公司申请首次公开发行股票并在科创板上市的补充法律意见书之三,上海证券交易所-科创板股票审核
http://static.sse.com.cn/stock/information/c/202006/ae7082abb27f47d3a2ac87584ccdb328.pdf,申报会计师关于审核中心意见落实函的回复,上海证券交易所-科创板股票审核
http://static.sse.com.cn/stock/information/c/202004/a3034117ee4447058e130334b79134e8.pdf,会计师关于审核中心意见落实函的回复（2019年年报更新版）,上海证券交易所-科创板股票审核
http://static.sse.com.cn/stock/information/c/201912/e99313c3eaa0483ebb344cef873c3485.pdf,8-3 道通补充法律意见书（五）,上海证券交易所-科创板股票审核
http://static.sse.com.cn/stock/information/c/202001/d6f981f6d848467ea9b6503ea17eb874.pdf,8-3 补充法律意见书（四）,上海证券交易所-科创板股票审核
http://static.sse.com.cn/stock/information/c/201912/d36c64c712184e0a923a6c731503a95a.pdf,8-2-1 会计师事务所关于杭州光云科技股份有限公司第一轮审核问询函的回复（审核中心意见落实函更新版）,上海证券交易所-科创板股票审核
http://static.sse.com.cn/stock/information/c/201910/19a7a1540b7349879d34f4be0bb049b7.pdf,广东信达律师事务所关于广东华特气体股份有限公司首次公开发行股票并在科创板上市的补充法律意见书（六）,上海证券交易所-科创板股票审核
http://static.sse.com.cn/stock/information/c/201909/46c8d222623f48d1b0500dbc2677ebbd.pdf,8-2 会计师反馈意见回复（四）,上海证券交易所-科创板股票审核
http://static.sse.com.cn/stock/information/c/201908/17d6414e69034f8f89fc235d68b70ca8.pdf,8-1-1 发行人及保荐机构回复意见（2019年半年报财务数据更新版）,上海证券交易所-科创板股票审核
http://static.sse.com.cn/stock/information/c/201908/64ca62d8f03e4fa6b5fb37010f94ee60.pdf,8-3 律师补充法律意见书（三）,上海证券交易所-科创板股票审核
http://static.sse.com.cn/stock/information/c/201907/fe6bd99e14dc4b179b47f54b9e3a6d9e.pdf,8-3-1 律师事务所关于成都苑东生物制药股份有限公司首次公开发行股票并在科创板上市的补充法律意见书之五（2019年半年报财务数据更新版）,上海证券交易所-科创板股票审核
http://static.sse.com.cn/stock/information/c/201907/09cb7105675845c3a01e088a44feffd9.pdf,8-3 律师补充法律意见书之四,上海证券交易所-科创板股票审核
http://static.sse.com.cn/stock/information/c/201907/04499902b0fd45a4a74e4bf0895824bb.pdf,8-2 会计师关于江苏天奈科技股份有限公司上市委意见落实函的回复,上海证券交易所-科创板股票审核
http://static.sse.com.cn/stock/information/c/201905/6b40d047fbf541a6bbeacf5b70613424.pdf,天健会计师事务所（特殊普通合伙）关于第二轮审核问询函中有关财务事项的说明,上海证券交易所-科创板股票审核
http://static.sse.com.cn/stock/information/c/201905/1cfede8f256b4ca08fbd3c9e5397b594.pdf,8-2 会计师关于第二轮审核问询函的回复,上海证券交易所-科创板股票审核
http://static.sse.com.cn/stock/information/c/201906/5d57494919924ba3a040e6c53a544ce6.pdf,安永华明会计师事务所（特殊普通合伙）关于安翰科技（武汉）股份有限公司首次公开发行股票并在科创板上市的第二轮审核问询函回复说明,上海证券交易所-科创板股票审核
http://www.neeq.com.cn/disclosure/2020/2020-08-24/1598255364_739623.pdf,德众股份:北京国枫律师事务所关于德众股份的补充法律意见书（四),全国中小企业股份转让系统-股票公开发行并在精选层挂牌
http://www.neeq.com.cn/disclosure/2020/2020-08-24/1598255365_033436.pdf,德众股份:天职国际会计师事务所（特殊普通合伙）关于德众股份第二轮问询的回复,全国中小企业股份转让系统-股票公开发行并在精选层挂牌
http://www.neeq.com.cn/disclosure/2020/2020-08-05/1596621973_252157.pdf,德众股份:北京国枫律师事务所关于德众股份的补充法律意见书（二）（2020年半年报财务数据更新版）,全国中小企业股份转让系统-股票公开发行并在精选层挂牌
http://static.sse.com.cn/stock/information/c/202008/277f643f5b2e49379a1085db0e3719e9.pdf,8-3 律师补充法律意见书（二）,上海证券交易所-科创板股票审核
http://reportdocs.static.szse.cn/UpFiles/rasinfodisc/RAS_000174497DC3583F5FACEF459B1E003F.pdf,关于深圳市容大感光科技股份有限公司发行股份、发行可转换为股票的公司债券、现金购买资产并募集配套资金申请的第二轮审核问询函.pdf,深圳证券交易所-创业板发行上市审核信息公开网站
http://static.sse.com.cn/stock/information/c/202009/9357d8bc807146a7a23d30c50be2edde.pdf,8-3 律师补充法律意见书（二）,上海证券交易所-科创板股票审核
http://static.sse.com.cn/stock/information/c/202009/d08251673f7948708490f79c9eb38e45.pdf,8-3 律师补充法律意见书（二）,上海证券交易所-科创板股票审核
http://static.sse.com.cn/stock/information/c/202009/348e32b6f6bd4f80906f14e8ded482bc.pdf,8-3 律师补充法律意见书（五）,上海证券交易所-科创板股票审核
http://static.sse.com.cn/stock/information/c/202009/71635a1706cf4f6b89af2d36ee555905.pdf,8-3 律师补充法律意见书（二）,上海证券交易所-科创板股票审核
http://reportdocs.static.szse.cn/UpFiles/rasinfodisc/RAS_000174588E2AF13FE6632404430DA23F.pdf,关于深圳光韵达光电科技股份有限公司申请发行股份、现金购买资产并募集配套资金的审核问询函.pdf,深圳证券交易所-创业板发行上市审核信息公开网站
http://static.sse.com.cn/stock/information/c/202009/4695d72867ba4e69b5c1b734ae1e3bd8.pdf,8-2-2 申报会计师关于第二轮审核问询函的回复,上海证券交易所-科创板股票审核
http://www.neeq.com.cn/disclosure/2020/2020-09-07/1599493088_762499.pdf,万通液压:发行保荐书（审议稿）,全国中小企业股份转让系统-股票公开发行并在精选层挂牌
http://www.neeq.com.cn/disclosure/2020/2020-09-07/1599493090_411498.pdf,万通液压:股票在精选层挂牌推荐书（审议稿）,全国中小企业股份转让系统-股票公开发行并在精选层挂牌
http://www.neeq.com.cn/disclosure/2020/2020-09-07/1599491887_321032.pdf,数字人:天健会计师事务所（特殊普通合伙）关于数字人第二轮问询的回复,全国中小企业股份转让系统-股票公开发行并在精选层挂牌
http://static.sse.com.cn/stock/information/c/202009/b6ce2e41540a43d39d43051db74b5883.pdf,8-3 补充法律意见书（一）,上海证券交易所-科创板股票审核
http://www.neeq.com.cn/disclosure/2020/2020-09-10/1599723338_372966.pdf,伊禾农品:关于终止上海伊禾农产品科技发展股份有限公司股票在精选层挂牌审查的决定,全国中小企业股份转让系统-股票公开发行并在精选层挂牌
http://reportdocs.static.szse.cn/UpFiles/rasinfodisc/RAS_00017478457EDD3FE62E63F9CFE1E83F.pdf,关于楚天科技股份有限公司申请发行股份、发行可转换为股票的公司债券、现金购买资产并募集配套资金的审核中心意见落实函.pdf,深圳证券交易所-创业板发行上市审核信息公开网站
http://static.sse.com.cn/stock/information/c/202009/fa336d3e161848528af3548de292a8f1.pdf,8-2-1 会计师反馈意见回复（二）,上海证券交易所-科创板股票审核
http://static.sse.com.cn/stock/information/c/202009/8604d01cad9d40749026682a3a5e06ea.pdf,8-3 律师补充法律意见书（三）,上海证券交易所-科创板股票审核
http://static.sse.com.cn/stock/information/c/202009/2e4cc098dd0d4f7e8a8c96d5e45bc23e.pdf,8-3 律师补充法律意见书（三）,上海证券交易所-科创板股票审核
http://www.neeq.com.cn/disclosure/2020/2020-09-15/1600182612_774597.pdf,诺思兰德:最近三年及一期的财务报告和审计报告（审议稿）,全国中小企业股份转让系统-股票公开发行并在精选层挂牌
http://www.neeq.com.cn/disclosure/2020/2020-09-15/1600155454_174959.pdf,数字人:关于落实挂牌委员会审议会议意见的函,全国中小企业股份转让系统-股票公开发行并在精选层挂牌
http://www.neeq.com.cn/disclosure/2020/2020-09-15/1600155455_343582.pdf,万通液压:关于落实挂牌委员会审议会议意见的函,全国中小企业股份转让系统-股票公开发行并在精选层挂牌
http://static.sse.com.cn/stock/information/c/202009/6d482354e7c743f2a7bd389273a1d4cb.pdf,8-3-1 补充法律意见书之一,上海证券交易所-科创板股票审核
http://www.neeq.com.cn/disclosure/2020/2020-09-16/1600241657_693350.pdf,三元基因:法律意见书（申报稿）,全国中小企业股份转让系统-股票公开发行并在精选层挂牌
http://reportdocs.static.szse.cn/UpFiles/rasinfodisc/RAS_0001749AAB2D823FE713BACB0CEF133F.pdf,关于河南易成新能源股份有限公司申请发行股份、发行可转换为股票的公司债券购买资产并募集配套资金的审核中心意见落实函.pdf,深圳证券交易所-创业板发行上市审核信息公开网站
http://static.sse.com.cn/stock/information/c/202009/811760b0cab34055b087db46000e9068.pdf,8-3 律师补充法律意见书（四）,上海证券交易所-科创板股票审核
http://www.neeq.com.cn/disclosure/2020/2020-09-18/1600443604_128514.pdf,同辉信息:北京市中银律师事务所关于同辉信息的补充法律意见书（二）,全国中小企业股份转让系统-股票公开发行并在精选层挂牌
http://www.neeq.com.cn/disclosure/2020/2020-09-18/1600425246_165309.pdf,德众股份:关于落实挂牌委员会审议会议意见的函,全国中小企业股份转让系统-股票公开发行并在精选层挂牌
http://www.neeq.com.cn/disclosure/2020/2020-09-23/1600850051_339216.pdf,同力股份:股票在精选层挂牌推荐书（申报稿）,全国中小企业股份转让系统-股票公开发行并在精选层挂牌
http://www.neeq.com.cn/disclosure/2020/2020-09-23/1600848135_189908.pdf,德众股份:法律意见书（报会稿）,全国中小企业股份转让系统-股票公开发行并在精选层挂牌
http://www.neeq.com.cn/disclosure/2020/2020-09-25/1601037972_286405.pdf,晨越建管:关于终止晨越建设项目管理集团股份有限公司股票在精选层挂牌审查的决定,全国中小企业股份转让系统-股票公开发行并在精选层挂牌
http://www.neeq.com.cn/disclosure/2020/2020-09-25/1601037735_119829.pdf,蓝山科技:关于终止北京蓝山科技股份有限公司股票在精选层挂牌审查的决定,全国中小企业股份转让系统-股票公开发行并在精选层挂牌
http://reportdocs.static.szse.cn/UpFiles/rasinfodisc/RAS_000174C54B8EF23FDC1DA15CC06CA63F.pdf,关于北京东土科技股份有限公司发行股份、现金购买资产并募集配套资金申请的第二轮审核问询函.pdf,深圳证券交易所-创业板发行上市审核信息公开网站
http://static.sse.com.cn/stock/information/c/202009/69b9c9fd880e467bac9f2e1bb9dd1465.pdf,8-2-1 会计师事务所关于金冠电气股份有限公司首次公开发行股票并在科创板上市申请文件的第一轮审核问询函有关财务问题回复的专项说明（2020年半年报财务数据更新版）,上海证券交易所-科创板股票审核
http://www.neeq.com.cn/disclosure/2020/2020-09-28/1601278703_979715.pdf,美之高:最近三年及一期的财务报告和审计报告（申报稿）,全国中小企业股份转让系统-股票公开发行并在精选层挂牌
http://static.sse.com.cn/stock/information/c/202009/3aed31f2062f48c4a7d1d5d3604028c3.pdf,8-3-1 补充法律意见书（三）,上海证券交易所-科创板股票审核
http://static.sse.com.cn/stock/information/c/202009/a0cc5da73e2745e5a2ed53a3b6722772.pdf,8-2-5会计师关于惠泰医疗在科创板首次发行股票审核中心意见落实函的回复（2020半年报数据更新）,上海证券交易所-科创板股票审核
http://www.neeq.com.cn/disclosure/2020/2020-09-29/1601371212_917900.pdf,秉扬科技:法律意见书（审议稿）,全国中小企业股份转让系统-股票公开发行并在精选层挂牌
http://www.neeq.com.cn/disclosure/2020/2020-09-29/1601371210_842869.pdf,秉扬科技:股票在精选层挂牌推荐书（审议稿）,全国中小企业股份转让系统-股票公开发行并在精选层挂牌
http://www.neeq.com.cn/disclosure/2020/2020-09-29/1601365046_918732.pdf,传味股份:关于终止海南传味文昌鸡产业股份有限公司股票在精选层挂牌审查的决定,全国中小企业股份转让系统-股票公开发行并在精选层挂牌
http://static.sse.com.cn/stock/information/c/202009/4e158749bcd545149575569445ff49a4.pdf,8-5-2 会计师关于常州银河世纪微电子股份有限公司首次公开发行股票并在科创板上市申请文件的审核问询函、第二轮审核问询函的回复之修订事项说明,上海证券交易所-科创板股票审核
http://static.sse.com.cn/stock/information/c/202009/d70ad225f0524dbc9505044d4ea68e59.pdf,8-2-2 会计师事务所关于北京凯因科技股份有限公司首次公开发行股票并在科创板上市申请文件的第二轮审核问询函有关财务问题回复的专项说明（2020年半年报财务数据更新版）,上海证券交易所-科创板股票审核
http://www.neeq.com.cn/disclosure/2020/2020-09-30/1601455209_067519.pdf,万通液压:股票在精选层挂牌推荐书（报会稿）,全国中小企业股份转让系统-股票公开发行并在精选层挂牌
http://www.neeq.com.cn/disclosure/2020/2020-09-30/1601455207_032414.pdf,万通液压:发行保荐书（报会稿）,全国中小企业股份转让系统-股票公开发行并在精选层挂牌
http://www.neeq.com.cn/disclosure/2020/2020-09-30/1601453408_944195.pdf,东亚装饰:关于终止东亚装饰股份有限公司股票在精选层挂牌审查的决定,全国中小企业股份转让系统-股票公开发行并在精选层挂牌
http://reportdocs.static.szse.cn/UpFiles/rasinfodisc/RAS_0001750CA842093FEDA1F6A0ACC1983F.pdf,关于深圳光韵达光电科技股份有限公司申请发行股份、现金购买资产并募集配套资金的审核中心意见落实函.pdf,深圳证券交易所-创业板发行上市审核信息公开网站
